{
  "voc_eval_res": {
    "precision": 77.3585,
    "recall": 40.5941,
    "f-score": 53.2468
  },
  "KL_res": {
    "KL divergence": 2.771885979463445,
    "Euclidean Dist.": 0.13746524382307093,
    "WER": 0.6290322580645161,
    "CER": 0.5223260643821391,
    "Cosine Dist.": 0.28082067412207057
  },
  "occ_eval_res": {
    "precision": 80.0,
    "recall": 38.7097,
    "f-score": 52.1739
  },
  "clean_eval": {
    "f-score": 47.45762711864406,
    "precision": 35.0,
    "recall": 73.68421052631578,
    "tp": 42,
    "fp": 78,
    "fn": 15
  },
  "jaccard": [
    0.2857142857142857
  ],
  "braycurtis": [
    0.3233492171545269
  ],
  "dice": [
    0.16666666666666666
  ],
  "cosinus": [
    0.009162029719297471
  ]
}