{
  "txt": {
    "Tesseract-PNG--REF": {
      "jaccard": [
        0.4431818181818182
      ],
      "braycurtis": [
        0.125287780413736
      ],
      "dice": [
        0.2846715328467153
      ],
      "cosinus": [
        0.0041957681690778514
      ],
      "voc_eval_res": {
        "precision": 95.7353,
        "recall": 72.2462,
        "f-score": 82.3485
      },
      "KL_res": {
        "KL divergence": 0.059509206629407466,
        "Euclidean Dist.": 0.011919982498806481,
        "WER": 0.2294511005851212,
        "CER": 0.20461513991404684,
        "Cosine Dist.": 0.0037311695304694803
      },
      "occ_eval_res": {
        "precision": 98.962,
        "recall": 79.3011,
        "f-score": 88.0474
      }
    },
    "Tesseract-PNG--Kraken": {
      "jaccard": [
        0.3132530120481928
      ],
      "braycurtis": [
        0.0325859559077334
      ],
      "dice": [
        0.18571428571428572
      ],
      "cosinus": [
        0.0019239478413923816
      ],
      "voc_eval_res": {
        "precision": 52.5523,
        "recall": 85.3932,
        "f-score": 65.0635
      },
      "KL_res": {
        "KL divergence": 0.06845906097730284,
        "Euclidean Dist.": 0.013469734348719108,
        "WER": 0.1542867913395506,
        "CER": 0.038675773271369784,
        "Cosine Dist.": 0.005760827936015844
      },
      "occ_eval_res": {
        "precision": 87.4245,
        "recall": 87.3314,
        "f-score": 87.3779
      }
    },
    "Tesseract-PNG--Tesseract-PNG-jspll-ELTeC": {
      "jaccard": [
        0.0
      ],
      "braycurtis": [
        0.002309257642248697
      ],
      "dice": [
        0.0
      ],
      "cosinus": [
        1.054692013668923e-05
      ],
      "voc_eval_res": {
        "precision": 93.5808,
        "recall": 81.138,
        "f-score": 86.9163
      },
      "KL_res": {
        "KL divergence": 0.030822693575649183,
        "Euclidean Dist.": 0.005434009895940612,
        "WER": 0.04061429531411338,
        "CER": 0.012441003658285,
        "Cosine Dist.": 0.0009741544216274045
      },
      "occ_eval_res": {
        "precision": 95.9648,
        "recall": 95.9648,
        "f-score": 95.9648
      }
    },
    "Tesseract-PNG--Kraken-jspll-pretrain": {
      "jaccard": [
        0.3132530120481928
      ],
      "braycurtis": [
        0.02785743917176199
      ],
      "dice": [
        0.18571428571428572
      ],
      "cosinus": [
        0.0016699187739260823
      ],
      "voc_eval_res": {
        "precision": 67.9069,
        "recall": 79.1722,
        "f-score": 73.1081
      },
      "KL_res": {
        "KL divergence": 0.06191158051796675,
        "Euclidean Dist.": 0.012214575068538352,
        "WER": 0.11760608394932227,
        "CER": 0.0346474077830289,
        "Cosine Dist.": 0.005238761158871341
      },
      "occ_eval_res": {
        "precision": 91.7889,
        "recall": 91.6911,
        "f-score": 91.74
      }
    },
    "Tesseract-PNG--Kraken-jspll-ELTeC": {
      "jaccard": [
        0.3132530120481928
      ],
      "braycurtis": [
        0.028129549638435346
      ],
      "dice": [
        0.18571428571428572
      ],
      "cosinus": [
        0.0016594629779428383
      ],
      "voc_eval_res": {
        "precision": 69.4122,
        "recall": 75.423,
        "f-score": 72.2929
      },
      "KL_res": {
        "KL divergence": 0.07309492142943914,
        "Euclidean Dist.": 0.012195167280891513,
        "WER": 0.12483405175946109,
        "CER": 0.03923483103069778,
        "Cosine Dist.": 0.005236111992171333
      },
      "occ_eval_res": {
        "precision": 91.1605,
        "recall": 91.0634,
        "f-score": 91.1119
      }
    },
    "Tesseract-PNG--Tesseract-PNG-jspll-pretrain": {
      "jaccard": [
        0.0
      ],
      "braycurtis": [
        0.001006697836348683
      ],
      "dice": [
        0.0
      ],
      "cosinus": [
        2.583641867670572e-06
      ],
      "voc_eval_res": {
        "precision": 92.7372,
        "recall": 84.7296,
        "f-score": 88.5527
      },
      "KL_res": {
        "KL divergence": 0.008836850093220498,
        "Euclidean Dist.": 0.002853263821675212,
        "WER": 0.029002015963810992,
        "CER": 0.007236254659470832,
        "Cosine Dist.": 0.0002233901701013119
      },
      "occ_eval_res": {
        "precision": 97.1522,
        "recall": 97.1522,
        "f-score": 97.1522
      }
    },
    "REF--Kraken": {
      "jaccard": [
        0.2878787878787879
      ],
      "braycurtis": [
        0.12423916755388602
      ],
      "dice": [
        0.168141592920354
      ],
      "cosinus": [
        0.008062600694541677
      ],
      "voc_eval_res": {
        "precision": 40.9444,
        "recall": 88.1622,
        "f-score": 55.9189
      },
      "KL_res": {
        "KL divergence": 0.04703485153941066,
        "Euclidean Dist.": 0.014316157401728568,
        "WER": 0.3967663090721291,
        "CER": 0.2772387265604679,
        "Cosine Dist.": 0.0034107460277444934
      },
      "occ_eval_res": {
        "precision": 75.6522,
        "recall": 94.3078,
        "f-score": 83.9561
      }
    },
    "REF--Tesseract-PNG-jspll-ELTeC": {
      "jaccard": [
        0.4431818181818182
      ],
      "braycurtis": [
        0.12405718064097088
      ],
      "dice": [
        0.2846715328467153
      ],
      "cosinus": [
        0.004166398634692037
      ],
      "voc_eval_res": {
        "precision": 77.8532,
        "recall": 89.4482,
        "f-score": 83.2489
      },
      "KL_res": {
        "KL divergence": 0.04713184648521865,
        "Euclidean Dist.": 0.012999412888248064,
        "WER": 0.3010339220518904,
        "CER": 0.26536821445743247,
        "Cosine Dist.": 0.004983757318426263
      },
      "occ_eval_res": {
        "precision": 77.9047,
        "recall": 97.2194,
        "f-score": 86.4969
      }
    },
    "REF--Kraken-jspll-pretrain": {
      "jaccard": [
        0.2878787878787879
      ],
      "braycurtis": [
        0.12275009306490396
      ],
      "dice": [
        0.168141592920354
      ],
      "cosinus": [
        0.00774822445775436
      ],
      "voc_eval_res": {
        "precision": 56.4172,
        "recall": 87.162,
        "f-score": 68.4979
      },
      "KL_res": {
        "KL divergence": 0.03527592039605087,
        "Euclidean Dist.": 0.010964036116176185,
        "WER": 0.3525152633893417,
        "CER": 0.2716719608414979,
        "Cosine Dist.": 0.0028407643879161393
      },
      "occ_eval_res": {
        "precision": 77.2732,
        "recall": 96.3286,
        "f-score": 85.7551
      }
    },
    "REF--Kraken-jspll-ELTeC": {
      "jaccard": [
        0.2878787878787879
      ],
      "braycurtis": [
        0.12212004765660396
      ],
      "dice": [
        0.168141592920354
      ],
      "cosinus": [
        0.007735740992687923
      ],
      "voc_eval_res": {
        "precision": 59.2824,
        "recall": 85.3594,
        "f-score": 69.9703
      },
      "KL_res": {
        "KL divergence": 0.05750707916881066,
        "Euclidean Dist.": 0.012235730833823124,
        "WER": 0.3561457513064643,
        "CER": 0.27584161615524677,
        "Cosine Dist.": 0.003929369084490597
      },
      "occ_eval_res": {
        "precision": 76.4923,
        "recall": 95.355,
        "f-score": 84.8884
      }
    },
    "REF--Tesseract-PNG-jspll-pretrain": {
      "jaccard": [
        0.4431818181818182
      ],
      "braycurtis": [
        0.12468863342861582
      ],
      "dice": [
        0.2846715328467153
      ],
      "cosinus": [
        0.004178393466583663
      ],
      "voc_eval_res": {
        "precision": 74.5983,
        "recall": 90.3166,
        "f-score": 81.7083
      },
      "KL_res": {
        "KL divergence": 0.026451026371084853,
        "Euclidean Dist.": 0.012191981394409654,
        "WER": 0.2955012630007261,
        "CER": 0.26085174471305045,
        "Cosine Dist.": 0.004323307979397062
      },