{
  "voc_eval_res": {
    "precision": 66.6667,
    "recall": 66.6667,
    "f-score": 66.6667
  },
  "KL_res": {
    "KL divergence": 2.08278765265545,
    "Euclidean Dist.": 0.4714045207910317,
    "WER": 0.3333333333333333,
    "CER": 0.2727272727272727,
    "Cosine Dist.": 0.20000000000000007
  },
  "occ_eval_res": {
    "precision": 66.6667,
    "recall": 66.6667,
    "f-score": 66.6667
  },
  "clean_eval": {
    "f-score": 38.659793814432994,
    "precision": 31.645569620253166,
    "recall": 49.668874172185426,
    "tp": 150,
    "fp": 324,
    "fn": 152
  }
}