{
  "voc_eval_res": {
    "precision": 2.0761,
    "recall": 11.3208,
    "f-score": 3.5088
  },
  "KL_res": {
    "KL divergence": 3.1799543764264357,
    "Euclidean Dist.": 0.14847324647412147,
    "WER": 4.458823529411765,
    "CER": 5.334937439846006,
    "Cosine Dist.": 0.21614978255049977
  },
  "occ_eval_res": {
    "precision": 6.9456,
    "recall": 32.549,
    "f-score": 11.4483
  },
  "clean_eval": {
    "f-score": 0.9900990099009901,
    "precision": 2.479338842975207,
    "recall": 0.6185567010309279,
    "tp": 6,
    "fp": 236,
    "fn": 964
  },
  "jaccard": [
    0.5625
  ],
  "braycurtis": [
    0.7231175693527081
  ],
  "dice": [
    0.391304347826087
  ],
  "cosinus": [
    0.13293271718458832
  ]
}