{
  "voc_eval_res": {
    "precision": 25.4237,
    "recall": 15.625,
    "f-score": 19.3548
  },
  "KL_res": {
    "KL divergence": 3.6376637992454413,
    "Euclidean Dist.": 0.14461717004727292,
    "WER": 0.8623481781376519,
    "CER": 0.6704980842911877,
    "Cosine Dist.": 0.314293008797926
  },
  "occ_eval_res": {
    "precision": 33.7209,
    "recall": 23.4818,
    "f-score": 27.685
  },
  "clean_eval": {
    "f-score": 16.83168316831683,
    "precision": 14.225941422594143,
    "recall": 20.606060606060606,
    "tp": 34,
    "fp": 205,
    "fn": 131
  },
  "jaccard": [
    0.3728813559322034
  ],
  "braycurtis": [
    0.14991181657848324
  ],
  "dice": [
    0.22916666666666666
  ],
  "cosinus": [
    0.02080026340147456
  ]
}