{
  "txt": {
    "kraken-jspll-pretrain--kraken-jspll-ELTeC": {
      "jaccard": [
        0.15625
      ],
      "braycurtis": [
        0.010134915180670598
      ],
      "dice": [
        0.0847457627118644
      ],
      "cosinus": [
        0.0002465689048947173
      ],
      "voc_eval_res": {
        "precision": 51.6309,
        "recall": 71.24,
        "f-score": 59.8707
      },
      "KL_res": {
        "KL divergence": 0.09155260781204506,
        "Euclidean Dist.": 0.013345592247748273,
        "WER": 0.21039608635702547,
        "CER": 0.057040099747221136,
        "Cosine Dist.": 0.006137576309707127
      },
      "occ_eval_res": {
        "precision": 81.606,
        "recall": 81.3686,
        "f-score": 81.4872
      }
    },
    "kraken-jspll-pretrain--TesseractFra-PNG-jspll-pretrain": {
      "jaccard": [
        0.43617021276595747
      ],
      "braycurtis": [
        0.048742500132741014
      ],
      "dice": [
        0.2789115646258503
      ],
      "cosinus": [
        0.002723642788346692
      ],
      "voc_eval_res": {
        "precision": 61.8786,
        "recall": 44.0184,
        "f-score": 51.4424
      },
      "KL_res": {
        "KL divergence": 0.2500804689512885,
        "Euclidean Dist.": 0.032236619922437905,
        "WER": 0.34100825416013447,
        "CER": 0.12157640023193503,
        "Cosine Dist.": 0.04593263117289825
      },
      "occ_eval_res": {
        "precision": 74.6361,
        "recall": 77.1849,
        "f-score": 75.8891
      }
    },
    "kraken-jspll-pretrain--PP": {
      "jaccard": [
        0.4142857142857143
      ],
      "braycurtis": [
        0.06393913149286742
      ],
      "dice": [
        0.26126126126126126
      ],
      "cosinus": [
        0.008771803083015506
      ],
      "voc_eval_res": {
        "precision": 60.749,
        "recall": 35.2009,
        "f-score": 44.5737
      },
      "KL_res": {
        "KL divergence": 0.2778324332222875,
        "Euclidean Dist.": 0.033933649277518185,
        "WER": 0.35985871597756075,
        "CER": 0.13404101308613808,
        "Cosine Dist.": 0.04713045973684349
      },
      "occ_eval_res": {
        "precision": 73.6157,
        "recall": 74.0551,
        "f-score": 73.8348
      }
    },
    "kraken-jspll-pretrain--TesseractFra-PNG-jspll-ELTeC": {
      "jaccard": [
        0.43010752688172044
      ],
      "braycurtis": [
        0.04903300250598179
      ],
      "dice": [
        0.273972602739726
      ],
      "cosinus": [
        0.0027155392603931405
      ],
      "voc_eval_res": {
        "precision": 53.8039,
        "recall": 41.5729,
        "f-score": 46.9041
      },
      "KL_res": {
        "KL divergence": 0.25811881458471236,
        "Euclidean Dist.": 0.03243530267754477,
        "WER": 0.36488298736376856,
        "CER": 0.12834875145433117,
        "Cosine Dist.": 0.04944607946199786
      },
      "occ_eval_res": {
        "precision": 73.8232,
        "recall": 76.2802,
        "f-score": 75.0316
      }
    },
    "kraken-jspll-pretrain--Kraken-base": {
      "jaccard": [
        0.0
      ],
      "braycurtis": [
        0.010407167094354342
      ],
      "dice": [
        0.0
      ],
      "cosinus": [
        0.0002944122200838617
      ],
      "voc_eval_res": {
        "precision": 52.7925,
        "recall": 74.3398,
        "f-score": 61.7402
      },
      "KL_res": {
        "KL divergence": 0.09378053950438599,
        "Euclidean Dist.": 0.013511666641082852,
        "WER": 0.18387699979222938,
        "CER": 0.04650448900393001,
        "Cosine Dist.": 0.006021679257766754
      },
      "occ_eval_res": {
        "precision": 81.9768,
        "recall": 81.9768,
        "f-score": 81.9768
      }
    },
    "kraken-jspll-pretrain--TesseractFra-PNG": {
      "jaccard": [
        0.43617021276595747
      ],
      "braycurtis": [
        0.049348444931661864
      ],
      "dice": [
        0.2789115646258503
      ],
      "cosinus": [
        0.0026376940204895227
      ],
      "voc_eval_res": {
        "precision": 54.4848,
        "recall": 42.1929,
        "f-score": 47.5574
      },
      "KL_res": {
        "KL divergence": 0.25155272158028097,
        "Euclidean Dist.": 0.032214653728706785,
        "WER": 0.35453223277864876,
        "CER": 0.12381995474993084,
        "Cosine Dist.": 0.04859083894102756
      },
      "occ_eval_res": {
        "precision": 74.026,
        "recall": 76.554,
        "f-score": 75.2688
      }
    },
    "kraken-jspll-ELTeC--TesseractFra-PNG-jspll-pretrain": {
      "jaccard": [
        0.32978723404255317
      ],
      "braycurtis": [
        0.05435127866677019
      ],
      "dice": [
        0.19745222929936307
      ],
      "cosinus": [
        0.0033848681466854824
      ],
      "voc_eval_res": {
        "precision": 53.2279,
        "recall": 27.4422,
        "f-score": 36.2139
      },
      "KL_res": {
        "KL divergence": 0.3537503758299567,
        "Euclidean Dist.": 0.0400835043547645,
        "WER": 0.4321923127924378,
        "CER": 0.1367729053646775,
        "Cosine Dist.": 0.06470015798004058
      },
      "occ_eval_res": {
        "precision": 65.3139,
        "recall": 67.7414,
        "f-score": 66.5055
      }
    },
    "kraken-jspll-ELTeC--PP": {
      "jaccard": [
        0.2714285714285714
      ],
      "braycurtis": [
        0.07033850830838617
      ],
      "dice": [
        0.15702479338842976
      ],
      "cosinus": [
        0.009255238343828798
      ],
      "voc_eval_res": {
        "precision": 56.6277,
        "recall": 23.781,
        "f-score": 33.4955
      },
      "KL_res": {
        "KL divergence": 0.3584398519249079,
        "Euclidean Dist.": 0.041732913294496445,
        "WER": 0.42935081172213907,
        "CER": 0.14308694996986135,
        "Cosine Dist.": 0.06332559876153165
      },
      "occ_eval_res": {
        "precision": 65.726,
        "recall": 66.3112,
        "f-score": 66.0173
      }
    },
    "kraken-jspll-ELTeC--TesseractFra-PNG-jspll-ELTeC": {
      "jaccard": [
        0.3225806451612903
      ],
      "braycurtis": [
        0.05375122193950473
      ],
      "dice": [
        0.19230769230769232
      ],
      "cosinus": [
        0.003302014887760607
      ],
      "voc_eval_res": {
        "precision": 55.8098,
        "recall": 31.2531,
        "f-score": 40.0683
      },
      "KL_res": {
        "KL divergence": 0.3180234755146562,
        "Euclidean Dist.": 0.03882500503300419,
        "WER": 0.41209342855519143,
        "CER": 0.1298447860156721,
        "Cosine Dist.": 0.06562183958149426
      },
      "occ_eval_res": {
        "precision": 67.3613,
        "recall": 69.8062,
        "f-score": 68.562
      }
    },
    "kraken-jspll-ELTeC--Kraken-base": {
      "jaccard": [
        0.15625
      ],
      "braycurtis": [
        0.0036062344826592874
      ],
      "dice": [
        0.0847457627118644
      ],
      "cosinus": [
        2.028754017813217e-05
      ],
      "voc_eval_res": {
        "precision": 94.1459,
        "recall": 96.0809,
        "f-score": 95.1036
      },
      "KL_res": {
        "KL divergence": 0.015823406354092025,
        "Euclidean Dist.": 0.004550358829574698,
        "WER": 0.04614597738165148,
        "CER": 0.014523056057866185,
        "Cosine Dist.": 0.0012456394319123598
      },
      "occ_eval_res": {
        "precision": 96.1789,
        "recall": 96.4595,
        "f-score": 96.319
      }
    },
    "kraken-jspll-ELTeC--TesseractFra-PNG": {
      "jaccard": [
        0.32978723404255317
      ],
      "braycurtis": [
        0.05371233543237126
      ],
      "dice": [
        0.19745222929936307
      ],
      "cosinus": [
        0.0032319023963557347
      ],
      "voc_eval_res": {
        "precision": 54.2624,
        "recall": 30.4543,
        "f-score": 39.013
      },
      "KL_res": {
        "KL divergence": 0.3204413124113024,
        "Euclidean Dist.": 0.03898303380957119,