{
  "voc_eval_res": {
    "precision": 23.1183,
    "recall": 3.9055,
    "f-score": 6.6822
  },
  "KL_res": {
    "KL divergence": 3.290578138299746,
    "Euclidean Dist.": 0.11409955011098577,
    "WER": 0.9584764283484234,
    "CER": 0.8357618836072856,
    "Cosine Dist.": 0.6794567012903008
  },
  "occ_eval_res": {
    "precision": 31.2989,
    "recall": 6.2441,
    "f-score": 10.4112
  },
  "clean_eval": {
    "f-score": 2.5989026855327753,
    "precision": 1.5817223198594026,
    "recall": 7.281553398058252,
    "tp": 45,
    "fp": 2800,
    "fn": 573
  },
  "jaccard": [
    0.42424242424242425
  ],
  "braycurtis": [
    0.6492550709028899
  ],
  "dice": [
    0.2692307692307692
  ],
  "cosinus": [
    0.025790597217109523
  ]
}