{
  "txt": {
    "kraken-jspll-pretrain--kraken-jspll-ELTeC": {
      "jaccard": [
        0.09722222222222222
      ],
      "braycurtis": [
        0.007642721466923917
      ],
      "dice": [
        0.051094890510948905
      ],
      "cosinus": [
        9.719270351438158e-05
      ],
      "voc_eval_res": {
        "precision": 71.1937,
        "recall": 78.6109,
        "f-score": 74.7187
      },
      "KL_res": {
        "KL divergence": 0.07885659257947265,
        "Euclidean Dist.": 0.01699645207284583,
        "WER": 0.155299055613851,
        "CER": 0.045938625995669786,
        "Cosine Dist.": 0.0072552684407003465
      },
      "occ_eval_res": {
        "precision": 87.7585,
        "recall": 86.8991,
        "f-score": 87.3267
      }
    },
    "kraken-jspll-pretrain--PP": {
      "jaccard": [
        0.3875
      ],
      "braycurtis": [
        0.09511485862169654
      ],
      "dice": [
        0.24031007751937986
      ],
      "cosinus": [
        0.016791139996051974
      ],
      "voc_eval_res": {
        "precision": 68.5017,
        "recall": 52.0521,
        "f-score": 59.1546
      },
      "KL_res": {
        "KL divergence": 0.469486687495783,
        "Euclidean Dist.": 0.0485496892104921,
        "WER": 0.3321285608798725,
        "CER": 0.1610088921201275,
        "Cosine Dist.": 0.09493369723965095
      },
      "occ_eval_res": {
        "precision": 83.9085,
        "recall": 68.9829,
        "f-score": 75.7172
      }
    },
    "kraken-jspll-pretrain--TesseractFra-PNG-jspll-pretrain": {
      "jaccard": [
        0.4326923076923077
      ],
      "braycurtis": [
        0.10691447365959342
      ],
      "dice": [
        0.27607361963190186
      ],
      "cosinus": [
        0.01721832184337957
      ],
      "voc_eval_res": {
        "precision": 59.6414,
        "recall": 56.4522,
        "f-score": 58.003
      },
      "KL_res": {
        "KL divergence": 0.3253233933050285,
        "Euclidean Dist.": 0.053698196999113657,
        "WER": 0.40013990905911156,
        "CER": 0.1798157661364417,
        "Cosine Dist.": 0.11141431130095647
      },
      "occ_eval_res": {
        "precision": 79.8818,
        "recall": 73.53,
        "f-score": 76.5744
      }
    },
    "kraken-jspll-pretrain--Kraken-base": {
      "jaccard": [
        0.0
      ],
      "braycurtis": [
        0.006743400195439253
      ],
      "dice": [
        0.0
      ],
      "cosinus": [
        0.00014816132079620292
      ],
      "voc_eval_res": {
        "precision": 73.8841,
        "recall": 83.2873,
        "f-score": 78.3044
      },
      "KL_res": {
        "KL divergence": 0.06733555005035002,
        "Euclidean Dist.": 0.01664797325452092,
        "WER": 0.10508724884380709,
        "CER": 0.027691004817563734,
        "Cosine Dist.": 0.008410388810088154
      },
      "occ_eval_res": {
        "precision": 89.7672,
        "recall": 89.7672,
        "f-score": 89.7672
      }
    },
    "kraken-jspll-pretrain--TesseractFra-PNG-jspll-ELTeC": {
      "jaccard": [
        0.4326923076923077
      ],
      "braycurtis": [
        0.10875180629075853
      ],
      "dice": [
        0.27607361963190186
      ],
      "cosinus": [
        0.018642900932914874
      ],
      "voc_eval_res": {
        "precision": 57.2106,
        "recall": 52.3678,
        "f-score": 54.6822
      },
      "KL_res": {
        "KL divergence": 0.3613105962308836,
        "Euclidean Dist.": 0.05483226663742356,
        "WER": 0.41681240526990787,
        "CER": 0.18590363274665048,
        "Cosine Dist.": 0.11656563430821865
      },
      "occ_eval_res": {
        "precision": 78.3398,
        "recall": 70.7862,
        "f-score": 74.3717
      }
    },
    "kraken-jspll-pretrain--TesseractFra-PNG": {
      "jaccard": [
        0.4326923076923077
      ],
      "braycurtis": [
        0.10639776948894088
      ],
      "dice": [
        0.27607361963190186
      ],
      "cosinus": [
        0.01730124903750907
      ],
      "voc_eval_res": {
        "precision": 54.8874,
        "recall": 53.8477,
        "f-score": 54.3625
      },
      "KL_res": {
        "KL divergence": 0.3409387499758947,
        "Euclidean Dist.": 0.054149969332780844,
        "WER": 0.4128871788892775,
        "CER": 0.181892990964072,
        "Cosine Dist.": 0.1133116185565366
      },
      "occ_eval_res": {
        "precision": 77.9818,
        "recall": 71.7811,
        "f-score": 74.7531
      }
    },
    "kraken-jspll-ELTeC--PP": {
      "jaccard": [
        0.3
      ],
      "braycurtis": [
        0.09551066710871624
      ],
      "dice": [
        0.17647058823529413
      ],
      "cosinus": [
        0.01616366312593276
      ],
      "voc_eval_res": {
        "precision": 71.0205,
        "recall": 48.8742,
        "f-score": 57.902
      },
      "KL_res": {
        "KL divergence": 0.47799988237506735,
        "Euclidean Dist.": 0.05052016833393154,
        "WER": 0.3383963263864359,
        "CER": 0.15993746709844145,
        "Cosine Dist.": 0.10410611781312284
      },
      "occ_eval_res": {
        "precision": 83.5114,
        "recall": 69.3355,
        "f-score": 75.7661
      }
    },
    "kraken-jspll-ELTeC--TesseractFra-PNG-jspll-pretrain": {
      "jaccard": [
        0.36538461538461536
      ],
      "braycurtis": [
        0.1065071730998479
      ],
      "dice": [
        0.2235294117647059
      ],
      "cosinus": [
        0.017145191830835405
      ],
      "voc_eval_res": {
        "precision": 56.035,
        "recall": 48.0343,
        "f-score": 51.7271
      },
      "KL_res": {
        "KL divergence": 0.38257601814809783,
        "Euclidean Dist.": 0.04957029835228598,
        "WER": 0.4303544095137172,
        "CER": 0.18606728667825864,
        "Cosine Dist.": 0.10955762078688536
      },
      "occ_eval_res": {
        "precision": 77.0994,
        "recall": 71.6708,
        "f-score": 74.2861
      }
    },
    "kraken-jspll-ELTeC--Kraken-base": {
      "jaccard": [
        0.09722222222222222
      ],
      "braycurtis": [
        0.006481412500931237
      ],
      "dice": [
        0.051094890510948905
      ],
      "cosinus": [
        0.00010278886528214404
      ],
      "voc_eval_res": {
        "precision": 92.1232,
        "recall": 94.0493,
        "f-score": 93.0763
      },
      "KL_res": {
        "KL divergence": 0.03553390950724426,
        "Euclidean Dist.": 0.011420713360970938,
        "WER": 0.0705286706699635,
        "CER": 0.022739962033595483,
        "Cosine Dist.": 0.005314990669886832
      },
      "occ_eval_res": {
        "precision": 94.0655,
        "recall": 94.9959,
        "f-score": 94.5284
      }
    },
    "kraken-jspll-ELTeC--TesseractFra-PNG-jspll-ELTeC": {
      "jaccard": [
        0.36538461538461536
      ],
      "braycurtis": [
        0.107444628890185
      ],
      "dice": [
        0.2235294117647059
      ],
      "cosinus": [
        0.018496243828356462
      ],
      "voc_eval_res": {
        "precision": 62.0823,
        "recall": 51.4653,
        "f-score": 56.2775
      },
      "KL_res": {
        "KL divergence": 0.36230673073839265,
        "Euclidean Dist.": 0.049608714307160615,
        "WER": 0.39766081871345027,
        "CER": 0.17403129835532088,
        "Cosine Dist.": 0.109843424379369
      },
      "occ_eval_res": {
        "precision": 79.957,
        "recall": 72.962,
        "f-score": 76.2995
      }
    },
    "kraken-jspll-ELTeC--TesseractFra-PNG": {
      "jaccard": [
        0.36538461538461536
      ],
      "braycurtis": [
        0.10597667856129717
      ],
      "dice": [
        0.2235294117647059
      ],
      "cosinus": [
        0.01722337725055756
      ],
      "voc_eval_res": {
        "precision": 56.9389,
        "recall": 50.5897,
        "f-score": 53.5768
      },
      "KL_res": {
        "KL divergence": 0.36953277054362,
        "Euclidean Dist.": 0.04952475052809526,
        "WER": 0.4214843596687468,