{
  "voc_eval_res": {
    "precision": 30.6452,
    "recall": 22.2656,
    "f-score": 25.7919
  },
  "KL_res": {
    "KL divergence": 2.2457733683963395,
    "Euclidean Dist.": 0.07329208259378017,
    "WER": 0.7223557692307693,
    "CER": 0.5499305448371662,
    "Cosine Dist.": 0.1972202305083618
  },
  "occ_eval_res": {
    "precision": 47.2613,
    "recall": 36.2981,
    "f-score": 41.0605
  },
  "clean_eval": {
    "f-score": 21.1781206171108,
    "precision": 18.68811881188119,
    "recall": 24.433656957928804,
    "tp": 151,
    "fp": 657,
    "fn": 467
  },
  "jaccard": [
    0.35135135135135137
  ],
  "braycurtis": [
    0.13899811933663875
  ],
  "dice": [
    0.21311475409836064
  ],
  "cosinus": [
    0.006128712902906064
  ]
}