{
  "voc_eval_res": {
    "precision": 33.8004,
    "recall": 5.3686,
    "f-score": 9.2655
  },
  "KL_res": {
    "KL divergence": 2.9750328130545753,
    "Euclidean Dist.": 0.11791497238845933,
    "WER": 0.9243260798960702,
    "CER": 0.7465779150321342,
    "Cosine Dist.": 0.7188871373403405
  },
  "occ_eval_res": {
    "precision": 27.5862,
    "recall": 9.2238,
    "f-score": 13.825
  },
  "clean_eval": {
    "f-score": 8.368532206969377,
    "precision": 5.726156069364162,
    "recall": 15.53921568627451,
    "tp": 317,
    "fp": 5219,
    "fn": 1723
  },
  "jaccard": [
    0.4406779661016949
  ],
  "braycurtis": [
    0.4844176404070863
  ],
  "dice": [
    0.2826086956521739
  ],
  "cosinus": [
    0.0385729857064937
  ]
}