{
  "voc_eval_res": {
    "precision": 66.6667,
    "recall": 66.6667,
    "f-score": 66.6667
  },
  "KL_res": {
    "KL divergence": 2.08278765265545,
    "Euclidean Dist.": 0.4714045207910317,
    "WER": 0.3333333333333333,
    "CER": 0.2727272727272727,
    "Cosine Dist.": 0.20000000000000007
  },
  "occ_eval_res": {
    "precision": 66.6667,
    "recall": 66.6667,
    "f-score": 66.6667
  },
  "clean_eval": {
    "f-score": 32.60590500641849,
    "precision": 24.95088408644401,
    "recall": 47.03703703703704,
    "tp": 127,
    "fp": 382,
    "fn": 143
  }
}