{
  "voc_eval_res": {
    "precision": 27.1186,
    "recall": 15.6098,
    "f-score": 19.8142
  },
  "KL_res": {
    "KL divergence": 3.6885476087876232,
    "Euclidean Dist.": 0.1533914040270765,
    "WER": 0.867704280155642,
    "CER": 0.6755793226381461,
    "Cosine Dist.": 0.36758746217327265
  },
  "occ_eval_res": {
    "precision": 33.1395,
    "recall": 22.179,
    "f-score": 26.5734
  },
  "clean_eval": {
    "f-score": 17.26618705035971,
    "precision": 14.285714285714285,
    "recall": 21.818181818181817,
    "tp": 36,
    "fp": 216,
    "fn": 129
  },
  "jaccard": [
    0.3793103448275862
  ],
  "braycurtis": [
    0.17463546965072907
  ],
  "dice": [
    0.23404255319148937
  ],
  "cosinus": [
    0.023524121636590567
  ]
}