{
  "voc_eval_res": {
    "precision": 35.6948,
    "recall": 23.8616,
    "f-score": 28.6026
  },
  "KL_res": {
    "KL divergence": 1.9988082683301016,
    "Euclidean Dist.": 0.08559186017121112,
    "WER": 0.7928483353884094,
    "CER": 0.6157240272763739,
    "Cosine Dist.": 0.20049505246505317
  },
  "occ_eval_res": {
    "precision": 48.552,
    "recall": 35.1418,
    "f-score": 40.7725
  },
  "clean_eval": {
    "f-score": 21.942179392142325,
    "precision": 19.1958495460441,
    "recall": 25.60553633217993,
    "tp": 148,
    "fp": 623,
    "fn": 430
  },
  "jaccard": [
    0.4
  ],
  "braycurtis": [
    0.15038618809631984
  ],
  "dice": [
    0.25
  ],
  "cosinus": [
    0.004989830870700929
  ]
}