{
  "voc_eval_res": {
    "precision": 41.5094,
    "recall": 5.6122,
    "f-score": 9.8876
  },
  "KL_res": {
    "KL divergence": 4.431684698260007,
    "Euclidean Dist.": 0.18980071812161806,
    "WER": 0.9608938547486033,
    "CER": 0.8580814717477004,
    "Cosine Dist.": 0.741288239514439
  },
  "occ_eval_res": {
    "precision": 41.6667,
    "recall": 4.6555,
    "f-score": 8.3752
  },
  "clean_eval": {
    "f-score": 4.044117647058823,
    "precision": 2.2587268993839835,
    "recall": 19.298245614035086,
    "tp": 11,
    "fp": 476,
    "fn": 46
  },
  "jaccard": [
    0.4583333333333333
  ],
  "braycurtis": [
    0.7293108220315527
  ],
  "dice": [
    0.2972972972972973
  ],
  "cosinus": [
    0.0349320175221558
  ]
}