{
  "txt": {
    "kraken-jspll-ELTeC--kraken-jspll-pretrain": {
      "jaccard": [
        0.16923076923076924
      ],
      "braycurtis": [
        0.005889492527146495
      ],
      "dice": [
        0.09243697478991597
      ],
      "cosinus": [
        7.077999483240394e-05
      ],
      "voc_eval_res": {
        "precision": 80.4114,
        "recall": 69.238,
        "f-score": 74.4076
      },
      "KL_res": {
        "KL divergence": 0.051477315050331277,
        "Euclidean Dist.": 0.007229210366012987,
        "WER": 0.10556615456705827,
        "CER": 0.027124700283775498,
        "Cosine Dist.": 0.0023129058663560187
      },
      "occ_eval_res": {
        "precision": 90.4585,
        "recall": 90.4888,
        "f-score": 90.4736
      }
    },
    "kraken-jspll-ELTeC--PP": {
      "jaccard": [
        0.2857142857142857
      ],
      "braycurtis": [
        0.06193647781976699
      ],
      "dice": [
        0.16666666666666666
      ],
      "cosinus": [
        0.010754108673244334
      ],
      "voc_eval_res": {
        "precision": 63.4543,
        "recall": 45.3658,
        "f-score": 52.9067
      },
      "KL_res": {
        "KL divergence": 0.23627875464673678,
        "Euclidean Dist.": 0.036788690455324194,
        "WER": 0.27851970858296793,
        "CER": 0.09528785999050686,
        "Cosine Dist.": 0.05893528319150998
      },
      "occ_eval_res": {
        "precision": 78.6348,
        "recall": 77.9619,
        "f-score": 78.2969
      }
    },
    "kraken-jspll-ELTeC--TesseractFra-PNG-jspll-ELTeC": {
      "jaccard": [
        0.3402061855670103
      ],
      "braycurtis": [
        0.06306490323239544
      ],
      "dice": [
        0.20496894409937888
      ],
      "cosinus": [
        0.007682407736691599
      ],
      "voc_eval_res": {
        "precision": 58.9031,
        "recall": 52.8774,
        "f-score": 55.7278
      },
      "KL_res": {
        "KL divergence": 0.19325854077534704,
        "Euclidean Dist.": 0.03049251953270593,
        "WER": 0.27859780656246164,
        "CER": 0.08520394963341421,
        "Cosine Dist.": 0.043543442879340644
      },
      "occ_eval_res": {
        "precision": 77.042,
        "recall": 81.3346,
        "f-score": 79.1301
      }
    },
    "kraken-jspll-ELTeC--TesseractFra-PNG-jspll-pretrain": {
      "jaccard": [
        0.3402061855670103
      ],
      "braycurtis": [
        0.06279132953211923
      ],
      "dice": [
        0.20496894409937888
      ],
      "cosinus": [
        0.007497126485449868
      ],
      "voc_eval_res": {
        "precision": 55.0649,
        "recall": 47.8673,
        "f-score": 51.2144
      },
      "KL_res": {
        "KL divergence": 0.2013356098325116,
        "Euclidean Dist.": 0.030557469337865507,
        "WER": 0.29765371355892495,
        "CER": 0.09140504521462432,
        "Cosine Dist.": 0.04280883086190923
      },
      "occ_eval_res": {
        "precision": 75.6537,
        "recall": 79.988,
        "f-score": 77.7605
      }
    },
    "kraken-jspll-ELTeC--TesseractFra-PNG": {
      "jaccard": [
        0.3402061855670103
      ],
      "braycurtis": [
        0.06288659694563743
      ],
      "dice": [
        0.20496894409937888
      ],
      "cosinus": [
        0.0075074396704226665
      ],
      "voc_eval_res": {
        "precision": 57.0985,
        "recall": 51.8725,
        "f-score": 54.3602
      },
      "KL_res": {
        "KL divergence": 0.19519697076785764,
        "Euclidean Dist.": 0.03051647604837667,
        "WER": 0.28689850609722084,
        "CER": 0.08689478712763378,
        "Cosine Dist.": 0.04369716179683525
      },
      "occ_eval_res": {
        "precision": 76.5253,
        "recall": 80.9095,
        "f-score": 78.6564
      }
    },
    "kraken-jspll-ELTeC--Kraken-base": {
      "jaccard": [
        0.16923076923076924
      ],
      "braycurtis": [
        0.0024198723924550225
      ],
      "dice": [
        0.09243697478991597
      ],
      "cosinus": [
        1.715251114964289e-05
      ],
      "voc_eval_res": {
        "precision": 95.9068,
        "recall": 96.725,
        "f-score": 96.3142
      },
      "KL_res": {
        "KL divergence": 0.008957062225357299,
        "Euclidean Dist.": 0.002537595560665854,
        "WER": 0.026899175508473632,
        "CER": 0.007881747307392219,
        "Cosine Dist.": 0.0003036248216872206
      },
      "occ_eval_res": {
        "precision": 97.7526,
        "recall": 97.7854,
        "f-score": 97.769
      }
    },
    "kraken-jspll-pretrain--PP": {
      "jaccard": [
        0.42857142857142855
      ],
      "braycurtis": [
        0.059966187176865034
      ],
      "dice": [
        0.2727272727272727
      ],
      "cosinus": [
        0.010468624389787573
      ],
      "voc_eval_res": {
        "precision": 61.3914,
        "recall": 50.974,
        "f-score": 55.6998
      },
      "KL_res": {
        "KL divergence": 0.23252948839511256,
        "Euclidean Dist.": 0.030947167473568165,
        "WER": 0.26877906782213,
        "CER": 0.09897571807177136,
        "Cosine Dist.": 0.04270195782326802
      },
      "occ_eval_res": {
        "precision": 79.5193,
        "recall": 78.8124,
        "f-score": 79.1643
      }
    },
    "kraken-jspll-pretrain--TesseractFra-PNG-jspll-ELTeC": {
      "jaccard": [
        0.4536082474226804
      ],
      "braycurtis": [
        0.06122910164096542
      ],
      "dice": [
        0.29333333333333333
      ],
      "cosinus": [
        0.007283095363092462
      ],
      "voc_eval_res": {
        "precision": 53.5556,
        "recall": 55.8354,
        "f-score": 54.6718
      },
      "KL_res": {
        "KL divergence": 0.1944442313771983,
        "Euclidean Dist.": 0.026514082906293174,
        "WER": 0.29009268243718006,
        "CER": 0.09683301441771465,
        "Cosine Dist.": 0.03269165605773128
      },
      "occ_eval_res": {
        "precision": 76.7672,
        "recall": 81.0174,
        "f-score": 78.8351
      }
    },
    "kraken-jspll-pretrain--TesseractFra-PNG-jspll-pretrain": {
      "jaccard": [
        0.4536082474226804
      ],
      "braycurtis": [
        0.06091822042041404
      ],
      "dice": [
        0.29333333333333333
      ],
      "cosinus": [
        0.007094120324392383
      ],
      "voc_eval_res": {
        "precision": 59.0818,
        "recall": 59.6474,
        "f-score": 59.3632
      },
      "KL_res": {
        "KL divergence": 0.18366076578382445,
        "Euclidean Dist.": 0.025954520833447577,
        "WER": 0.26618039058230447,
        "CER": 0.08930592364443808,
        "Cosine Dist.": 0.03100995884140878
      },
      "occ_eval_res": {
        "precision": 78.0945,
        "recall": 82.5409,
        "f-score": 80.2561
      }
    },
    "kraken-jspll-pretrain--TesseractFra-PNG": {
      "jaccard": [
        0.4536082474226804
      ],
      "braycurtis": [
        0.061212004245874745
      ],
      "dice": [
        0.29333333333333333
      ],
      "cosinus": [
        0.007108078613206059
      ],
      "voc_eval_res": {
        "precision": 53.6209,
        "recall": 56.5743,
        "f-score": 55.058
      },
      "KL_res": {
        "KL divergence": 0.18870612244452004,
        "Euclidean Dist.": 0.026274636088625736,
        "WER": 0.27821460835814904,
        "CER": 0.09111913800689676,
        "Cosine Dist.": 0.032123243379314825
      },
      "occ_eval_res": {
        "precision": 77.054,
        "recall": 81.4412,
        "f-score": 79.1869
      }
    },
    "kraken-jspll-pretrain--Kraken-base": {
      "jaccard": [
        0.0
      ],
      "braycurtis": [
        0.005497461764164891
      ],
      "dice": [
        0.0
      ],
      "cosinus": [
        0.00011232233374669498
      ],
      "voc_eval_res": {
        "precision": 70.4731,
        "recall": 82.5441,
        "f-score": 76.0325
      },
      "KL_res": {
        "KL divergence": 0.052584725100894944,