{
  "txt": {
    "Kraken-jspll-pretrain--Tesseract-PNG-jspll-pretrain": {
      "jaccard": [
        0.32432432432432434
      ],
      "braycurtis": [
        0.014399497700515521
      ],
      "dice": [
        0.1935483870967742
      ],
      "cosinus": [
        0.0007579366036876145
      ],
      "voc_eval_res": {
        "precision": 97.3851,
        "recall": 92.7884,
        "f-score": 95.0312
      },
      "KL_res": {
        "KL divergence": 0.015681628824826828,
        "Euclidean Dist.": 0.0077920786540657165,
        "WER": 0.0226691623542653,
        "CER": 0.007828529181449514,
        "Cosine Dist.": 0.0018059580151518206
      },
      "occ_eval_res": {
        "precision": 98.2194,
        "recall": 98.2542,
        "f-score": 98.2368
      }
    },
    "Kraken-jspll-pretrain--Tesseract-PNG-jspll-ELTeC": {
      "jaccard": [
        0.32432432432432434
      ],
      "braycurtis": [
        0.014710306064767913
      ],
      "dice": [
        0.1935483870967742
      ],
      "cosinus": [
        0.0007639433204613688
      ],
      "voc_eval_res": {
        "precision": 87.7111,
        "recall": 79.4311,
        "f-score": 83.366
      },
      "KL_res": {
        "KL divergence": 0.032173559900183016,
        "Euclidean Dist.": 0.008170641048067914,
        "WER": 0.052843738148542346,
        "CER": 0.018060957097297745,
        "Cosine Dist.": 0.0019901742719019566
      },
      "occ_eval_res": {
        "precision": 95.3852,
        "recall": 95.4191,
        "f-score": 95.4021
      }
    },
    "Kraken-jspll-pretrain--Tesseract-PNG": {
      "jaccard": [
        0.32432432432432434
      ],
      "braycurtis": [
        0.014990240468331148
      ],
      "dice": [
        0.1935483870967742
      ],
      "cosinus": [
        0.0007609568756640206
      ],
      "voc_eval_res": {
        "precision": 86.5724,
        "recall": 86.878,
        "f-score": 86.7249
      },
      "KL_res": {
        "KL divergence": 0.023759751778820754,
        "Euclidean Dist.": 0.00804579983302668,
        "WER": 0.04161926083605535,
        "CER": 0.012822251484117645,
        "Cosine Dist.": 0.0019311245873561145
      },
      "occ_eval_res": {
        "precision": 96.4003,
        "recall": 96.4345,
        "f-score": 96.4174
      }
    },
    "Kraken-jspll-pretrain--Kraken-jspll-ELTeC": {
      "jaccard": [
        0.0
      ],
      "braycurtis": [
        0.0012231690046125973
      ],
      "dice": [
        0.0
      ],
      "cosinus": [
        2.8329220930212173e-06
      ],
      "voc_eval_res": {
        "precision": 87.2291,
        "recall": 83.0092,
        "f-score": 85.0668
      },
      "KL_res": {
        "KL divergence": 0.01762501662837646,
        "Euclidean Dist.": 0.002468478067947255,
        "WER": 0.036750223266169973,
        "CER": 0.011994339135646384,
        "Cosine Dist.": 0.00018055528499505424
      },
      "occ_eval_res": {
        "precision": 96.5054,
        "recall": 96.5054,
        "f-score": 96.5054
      }
    },
    "Kraken-jspll-pretrain--Kraken": {
      "jaccard": [
        0.0
      ],
      "braycurtis": [
        0.0010447855606629274
      ],
      "dice": [
        0.0
      ],
      "cosinus": [
        2.738370524335565e-06
      ],
      "voc_eval_res": {
        "precision": 80.1509,
        "recall": 91.1897,
        "f-score": 85.3147
      },
      "KL_res": {
        "KL divergence": 0.010363442138123978,
        "Euclidean Dist.": 0.0021153799569257627,
        "WER": 0.032602977697850526,
        "CER": 0.008109603783242266,
        "Cosine Dist.": 0.00010137812963884052
      },
      "occ_eval_res": {
        "precision": 96.7703,
        "recall": 96.7703,
        "f-score": 96.7703
      }
    },
    "Kraken-jspll-pretrain--REF": {
      "jaccard": [
        0.3
      ],
      "braycurtis": [
        0.23791379332735937
      ],
      "dice": [
        0.17647058823529413
      ],
      "cosinus": [
        0.007582753094775074
      ],
      "voc_eval_res": {
        "precision": 92.5908,
        "recall": 65.4717,
        "f-score": 76.7048
      },
      "KL_res": {
        "KL divergence": 0.04935960277037921,
        "Euclidean Dist.": 0.008894454705438712,
        "WER": 0.4005700933436097,
        "CER": 0.3813318342687904,
        "Cosine Dist.": 0.002351025305710963
      },
      "occ_eval_res": {
        "precision": 98.4988,
        "recall": 61.526,
        "f-score": 75.7412
      }
    },
    "Tesseract-PNG-jspll-pretrain--Tesseract-PNG-jspll-ELTeC": {
      "jaccard": [
        0.0
      ],
      "braycurtis": [
        0.0011648879413578364
      ],
      "dice": [
        0.0
      ],
      "cosinus": [
        2.2929840550744984e-06
      ],
      "voc_eval_res": {
        "precision": 89.1402,
        "recall": 84.7243,
        "f-score": 86.8762
      },
      "KL_res": {
        "KL divergence": 0.017511722205984858,
        "Euclidean Dist.": 0.0024798304780934335,
        "WER": 0.03300110064815947,
        "CER": 0.010912958401034296,
        "Cosine Dist.": 0.0001818064070441272
      },
      "occ_eval_res": {
        "precision": 96.8424,
        "recall": 96.8424,
        "f-score": 96.8424
      }
    },
    "Tesseract-PNG-jspll-pretrain--Tesseract-PNG": {
      "jaccard": [
        0.0
      ],
      "braycurtis": [
        0.0007846073912961167
      ],
      "dice": [
        0.0
      ],
      "cosinus": [
        1.1751685768945919e-06
      ],
      "voc_eval_res": {
        "precision": 88.4069,
        "recall": 93.114,
        "f-score": 90.6994
      },
      "KL_res": {
        "KL divergence": 0.00866348397281852,
        "Euclidean Dist.": 0.0018812753914849698,
        "WER": 0.020857282621988504,
        "CER": 0.0056781452556912484,
        "Cosine Dist.": 9.808839368830036e-05
      },
      "occ_eval_res": {
        "precision": 97.9234,
        "recall": 97.9234,
        "f-score": 97.9234
      }
    },
    "Tesseract-PNG-jspll-pretrain--Kraken-jspll-ELTeC": {
      "jaccard": [
        0.32432432432432434
      ],
      "braycurtis": [
        0.015184000117999447
      ],
      "dice": [
        0.1935483870967742
      ],
      "cosinus": [
        0.0007584898861183742
      ],
      "voc_eval_res": {
        "precision": 83.2364,
        "recall": 83.1336,
        "f-score": 83.1849
      },
      "KL_res": {
        "KL divergence": 0.03178803062141426,
        "Euclidean Dist.": 0.00815807391631337,
        "WER": 0.053002323590558884,
        "CER": 0.018090352394430177,
        "Cosine Dist.": 0.0019795183609705447
      },
      "occ_eval_res": {
        "precision": 95.4417,
        "recall": 95.4079,
        "f-score": 95.4248
      }
    },
    "Tesseract-PNG-jspll-pretrain--Kraken": {
      "jaccard": [
        0.32432432432432434
      ],
      "braycurtis": [
        0.014677337073345622
      ],
      "dice": [
        0.1935483870967742
      ],
      "cosinus": [
        0.0007622871331171011
      ],
      "voc_eval_res": {
        "precision": 75.7041,
        "recall": 90.3973,
        "f-score": 82.4008
      },
      "KL_res": {
        "KL divergence": 0.02448327864870442,
        "Euclidean Dist.": 0.008084311106103585,
        "WER": 0.05090497737556561,
        "CER": 0.014166972412949666,
        "Cosine Dist.": 0.0019154110582386696
      },
      "occ_eval_res": {
        "precision": 95.4533,
        "recall": 95.4195,
        "f-score": 95.4364
      }
    },
    "Tesseract-PNG-jspll-pretrain--REF": {
      "jaccard": [
        0.3793103448275862
      ],
      "braycurtis": [
        0.2384463826446297
      ],
      "dice": [
        0.23404255319148937
      ],
      "cosinus": [
        0.0045998547520937905
      ],
      "voc_eval_res": {
        "precision": 93.3151,
        "recall": 69.2526,
        "f-score": 79.503
      },
      "KL_res": {
        "KL divergence": 0.0572600027726612,
        "Euclidean Dist.": 0.0113845738390601,
        "WER": 0.39601932248991073,