{
  "voc_eval_res": {
    "precision": 38.5965,
    "recall": 8.9796,
    "f-score": 14.5695
  },
  "KL_res": {
    "KL divergence": 4.999345213748365,
    "Euclidean Dist.": 0.27679519316100115,
    "WER": 0.906832298136646,
    "CER": 0.6534903280067283,
    "Cosine Dist.": 0.770643986482883
  },
  "occ_eval_res": {
    "precision": 28.5714,
    "recall": 10.559,
    "f-score": 15.4195
  },
  "clean_eval": {
    "f-score": 13.402061855670103,
    "precision": 9.285714285714286,
    "recall": 24.074074074074073,
    "tp": 26,
    "fp": 254,
    "fn": 82
  },
  "jaccard": [
    0.4090909090909091
  ],
  "braycurtis": [
    0.37447873227689743
  ],
  "dice": [
    0.2571428571428571
  ],
  "cosinus": [
    0.03306384788022465
  ]
}