{
  "txt": {
    "Kraken-base--kraken-jspll-pretrain": {
      "jaccard": [
        0.0
      ],
      "braycurtis": [
        0.004129903098975264
      ],
      "dice": [
        0.0
      ],
      "cosinus": [
        8.760535531016078e-05
      ],
      "voc_eval_res": {
        "precision": 84.8791,
        "recall": 77.3991,
        "f-score": 80.9667
      },
      "KL_res": {
        "KL divergence": 0.047535533494715926,
        "Euclidean Dist.": 0.00792692102670438,
        "WER": 0.06892435214487629,
        "CER": 0.017946660454361125,
        "Cosine Dist.": 0.0026762710847678672
      },
      "occ_eval_res": {
        "precision": 93.2067,
        "recall": 93.2067,
        "f-score": 93.2067
      }
    },
    "Kraken-base--PP": {
      "jaccard": [
        0.3684210526315789
      ],
      "braycurtis": [
        0.055767826444930356
      ],
      "dice": [
        0.22580645161290322
      ],
      "cosinus": [
        0.008712747364291173
      ],
      "voc_eval_res": {
        "precision": 70.5273,
        "recall": 60.2114,
        "f-score": 64.9624
      },
      "KL_res": {
        "KL divergence": 0.19412105633001286,
        "Euclidean Dist.": 0.03311075908316853,
        "WER": 0.18347167006408163,
        "CER": 0.05517735269501894,
        "Cosine Dist.": 0.04950495003377686
      },
      "occ_eval_res": {
        "precision": 85.2735,
        "recall": 83.1597,
        "f-score": 84.2033
      }
    },
    "Kraken-base--TesseractFra-PNG-jspll-pretrain": {
      "jaccard": [
        0.4
      ],
      "braycurtis": [
        0.051116153626187794
      ],
      "dice": [
        0.25
      ],
      "cosinus": [
        0.004895661308535915
      ],
      "voc_eval_res": {
        "precision": 65.6675,
        "recall": 60.6944,
        "f-score": 63.0831
      },
      "KL_res": {
        "KL divergence": 0.1902820721118411,
        "Euclidean Dist.": 0.032546196379479427,
        "WER": 0.19504915928057392,
        "CER": 0.056031544707029396,
        "Cosine Dist.": 0.04823530965901668
      },
      "occ_eval_res": {
        "precision": 83.0968,
        "recall": 83.6012,
        "f-score": 83.3482
      }
    },
    "Kraken-base--TesseractFra-PNG": {
      "jaccard": [
        0.4
      ],
      "braycurtis": [
        0.051024740794810244
      ],
      "dice": [
        0.25
      ],
      "cosinus": [
        0.004889665597344273
      ],
      "voc_eval_res": {
        "precision": 69.5102,
        "recall": 65.57,
        "f-score": 67.4826
      },
      "KL_res": {
        "KL divergence": 0.1835805767578729,
        "Euclidean Dist.": 0.03257517573107485,
        "WER": 0.1768157399795029,
        "CER": 0.050673431177145616,
        "Cosine Dist.": 0.04888545163221891
      },
      "occ_eval_res": {
        "precision": 84.5923,
        "recall": 85.1058,
        "f-score": 84.8483
      }
    },
    "Kraken-base--TesseractFra-PNG-jspll-ELTeC": {
      "jaccard": [
        0.39361702127659576
      ],
      "braycurtis": [
        0.05134280631756343
      ],
      "dice": [
        0.24503311258278146
      ],
      "cosinus": [
        0.005007326750946284
      ],
      "voc_eval_res": {
        "precision": 67.8895,
        "recall": 64.2577,
        "f-score": 66.0237
      },
      "KL_res": {
        "KL divergence": 0.18245501413754578,
        "Euclidean Dist.": 0.0325706877224244,
        "WER": 0.18801031612852365,
        "CER": 0.05473731438580143,
        "Cosine Dist.": 0.04892344330651199
      },
      "occ_eval_res": {
        "precision": 84.1314,
        "recall": 84.554,
        "f-score": 84.3421
      }
    },
    "Kraken-base--kraken-jspll-ELTeC": {
      "jaccard": [
        0.17142857142857143
      ],
      "braycurtis": [
        0.002624769251054852
      ],
      "dice": [
        0.09375
      ],
      "cosinus": [
        1.5216806987683462e-05
      ],
      "voc_eval_res": {
        "precision": 95.4275,
        "recall": 95.0971,
        "f-score": 95.262
      },
      "KL_res": {
        "KL divergence": 0.005423500300321966,
        "Euclidean Dist.": 0.002673837302929903,
        "WER": 0.027569740857950515,
        "CER": 0.008203263186049923,
        "Cosine Dist.": 0.0003152052811035144
      },
      "occ_eval_res": {
        "precision": 98.048,
        "recall": 97.7498,
        "f-score": 97.8987
      }
    },
    "kraken-jspll-pretrain--PP": {
      "jaccard": [
        0.3684210526315789
      ],
      "braycurtis": [
        0.053158537875691636
      ],
      "dice": [
        0.22580645161290322
      ],
      "cosinus": [
        0.007904839770592642
      ],
      "voc_eval_res": {
        "precision": 66.9086,
        "recall": 62.6424,
        "f-score": 64.7053
      },
      "KL_res": {
        "KL divergence": 0.19345103189758273,
        "Euclidean Dist.": 0.033311343604311865,
        "WER": 0.18896759879720249,
        "CER": 0.06315643282467927,
        "Cosine Dist.": 0.04926164127508781
      },
      "occ_eval_res": {
        "precision": 84.8577,
        "recall": 82.7543,
        "f-score": 83.7928
      }
    },
    "kraken-jspll-pretrain--TesseractFra-PNG-jspll-pretrain": {
      "jaccard": [
        0.4
      ],
      "braycurtis": [
        0.048000528158480556
      ],
      "dice": [
        0.25
      ],
      "cosinus": [
        0.0043149060382201565
      ],
      "voc_eval_res": {
        "precision": 69.5918,
        "recall": 70.5377,
        "f-score": 70.0615
      },
      "KL_res": {
        "KL divergence": 0.16837528601364388,
        "Euclidean Dist.": 0.032492809494987264,
        "WER": 0.17083553883752098,
        "CER": 0.0557674947485374,
        "Cosine Dist.": 0.047054221641602334
      },
      "occ_eval_res": {
        "precision": 85.5461,
        "recall": 86.0653,
        "f-score": 85.8049
      }
    },
    "kraken-jspll-pretrain--TesseractFra-PNG": {
      "jaccard": [
        0.4
      ],
      "braycurtis": [
        0.04838268999384481
      ],
      "dice": [
        0.25
      ],
      "cosinus": [
        0.004315935073961885
      ],
      "voc_eval_res": {
        "precision": 64.8343,
        "recall": 67.0698,
        "f-score": 65.9331
      },
      "KL_res": {
        "KL divergence": 0.18311317882271597,
        "Euclidean Dist.": 0.0329985331981491,
        "WER": 0.18439516628563063,
        "CER": 0.059050743884867106,
        "Cosine Dist.": 0.04886532229838958
      },
      "occ_eval_res": {
        "precision": 84.0404,
        "recall": 84.5506,
        "f-score": 84.2947
      }
    },
    "kraken-jspll-pretrain--TesseractFra-PNG-jspll-ELTeC": {
      "jaccard": [
        0.39361702127659576
      ],
      "braycurtis": [
        0.04882349603016968
      ],
      "dice": [
        0.24503311258278146
      ],
      "cosinus": [
        0.004421326595226538
      ],
      "voc_eval_res": {
        "precision": 63.6915,
        "recall": 66.1103,
        "f-score": 64.8784
      },
      "KL_res": {
        "KL divergence": 0.18512496880332252,
        "Euclidean Dist.": 0.03302697971056509,
        "WER": 0.19497032423727095,
        "CER": 0.0629285801086749,
        "Cosine Dist.": 0.048967698048278385
      },
      "occ_eval_res": {
        "precision": 83.691,
        "recall": 84.1114,
        "f-score": 83.9006
      }
    },
    "kraken-jspll-pretrain--kraken-jspll-ELTeC": {
      "jaccard": [
        0.17142857142857143
      ],
      "braycurtis": [
        0.004632327114196574
      ],
      "dice": [
        0.09375
      ],
      "cosinus": [
        5.855988184810812e-05
      ],
      "voc_eval_res": {
        "precision": 75.3635,
        "recall": 82.3606,
        "f-score": 78.7068
      },
      "KL_res": {
        "KL divergence": 0.05290552759113763,
        "Euclidean Dist.": 0.008214201475449634,
        "WER": 0.08873447231200658,
        "CER": 0.024603753276739058,
        "Cosine Dist.": 0.002825115534043854
      },