{
  "txt": {
    "Tesseract-PNG-jspll-ELTeC--REF": {
      "jaccard": [
        0.3561789772727273
      ],
      "braycurtis": [
        0.1704172007362933
      ],
      "dice": [
        0.21667746813566646
      ],
      "cosinus": [
        0.009523692499891379
      ],
      "voc_eval_res": {
        "precision": 88.0888,
        "recall": 64.9198,
        "f-score": 74.7502
      },
      "KL_res": {
        "KL divergence": 0.11472366478790726,
        "Euclidean Dist.": 0.016253540195170783,
        "WER": 0.2743807294714258,
        "CER": 0.24343311120012623,
        "Cosine Dist.": 0.007300095109639582
      },
      "occ_eval_res": {
        "precision": 95.3124,
        "recall": 73.6331,
        "f-score": 83.0818
      }
    },
    "Tesseract-PNG-jspll-ELTeC--Tesseract-PNG": {
      "jaccard": [
        0.2075208913649025
      ],
      "braycurtis": [
        0.05640528049434415
      ],
      "dice": [
        0.11577311577311578
      ],
      "cosinus": [
        0.006065790166658314
      ],
      "voc_eval_res": {
        "precision": 83.3854,
        "recall": 91.4981,
        "f-score": 87.2536
      },
      "KL_res": {
        "KL divergence": 0.04621475737412491,
        "Euclidean Dist.": 0.00853483411142707,
        "WER": 0.054921656589298484,
        "CER": 0.017946663753444277,
        "Cosine Dist.": 0.0024187881148133306
      },
      "occ_eval_res": {
        "precision": 94.5225,
        "recall": 94.5225,
        "f-score": 94.5225
      }
    },
    "Tesseract-PNG-jspll-ELTeC--Kraken-jspll-ELTeC": {
      "jaccard": [
        0.26960008441489924
      ],
      "braycurtis": [
        0.06979642354146216
      ],
      "dice": [
        0.15580218305994267
      ],
      "cosinus": [
        0.0017969892018846467
      ],
      "voc_eval_res": {
        "precision": 75.3945,
        "recall": 86.6224,
        "f-score": 80.6194
      },
      "KL_res": {
        "KL divergence": 0.046075989755318514,
        "Euclidean Dist.": 0.014065460571503163,
        "WER": 0.15823093426955334,
        "CER": 0.07505189177378828,
        "Cosine Dist.": 0.006634508337009626
      },
      "occ_eval_res": {
        "precision": 90.0158,
        "recall": 91.6618,
        "f-score": 90.8313
      }
    },
    "Tesseract-PNG-jspll-ELTeC--Kraken": {
      "jaccard": [
        0.5601864736988589
      ],
      "braycurtis": [
        0.20123178762752925
      ],
      "dice": [
        0.3890687672159667
      ],
      "cosinus": [
        0.01339663623646048
      ],
      "voc_eval_res": {
        "precision": 48.8837,
        "recall": 76.2521,
        "f-score": 59.575
      },
      "KL_res": {
        "KL divergence": 0.12255285774358443,
        "Euclidean Dist.": 0.023265199633635773,
        "WER": 0.26415707691307455,
        "CER": 0.09736838910940364,
        "Cosine Dist.": 0.014607179629569478
      },
      "occ_eval_res": {
        "precision": 78.4306,
        "recall": 79.8648,
        "f-score": 79.1412
      }
    },
    "Tesseract-PNG-jspll-ELTeC--Tesseract-PNG-jspll-pretrain": {
      "jaccard": [
        0.21852626941293093
      ],
      "braycurtis": [
        0.0535405872193437
      ],
      "dice": [
        0.12266600717200445
      ],
      "cosinus": [
        0.006012781088378771
      ],
      "voc_eval_res": {
        "precision": 84.8757,
        "recall": 88.7231,
        "f-score": 86.7568
      },
      "KL_res": {
        "KL divergence": 0.04946282025452764,
        "Euclidean Dist.": 0.008380132726291062,
        "WER": 0.05544177881802224,
        "CER": 0.019470036293895585,
        "Cosine Dist.": 0.002376221339344453
      },
      "occ_eval_res": {
        "precision": 94.7533,
        "recall": 94.7533,
        "f-score": 94.7533
      }
    },
    "Tesseract-PNG-jspll-ELTeC--Kraken-jspll-pretrain": {
      "jaccard": [
        0.3951924848038313
      ],
      "braycurtis": [
        0.11585069459249721
      ],
      "dice": [
        0.24625538020086082
      ],
      "cosinus": [
        0.006661671012843096
      ],
      "voc_eval_res": {
        "precision": 64.5322,
        "recall": 80.2211,
        "f-score": 71.5264
      },
      "KL_res": {
        "KL divergence": 0.09147468474526216,
        "Euclidean Dist.": 0.015670225286843933,
        "WER": 0.19829659970092972,
        "CER": 0.08820084240680723,
        "Cosine Dist.": 0.008140185795064592
      },
      "occ_eval_res": {
        "precision": 85.912,
        "recall": 87.4829,
        "f-score": 86.6903
      }
    },
    "REF--Tesseract-PNG": {
      "jaccard": [
        0.34627653723462765
      ],
      "braycurtis": [
        0.14148325174420845
      ],
      "dice": [
        0.20939204469868297
      ],
      "cosinus": [
        0.00367336990872813
      ],
      "voc_eval_res": {
        "precision": 64.5038,
        "recall": 96.0396,
        "f-score": 77.1744
      },
      "KL_res": {
        "KL divergence": 0.04549272009122844,
        "Euclidean Dist.": 0.014041699023169681,
        "WER": 0.3258152745634336,
        "CER": 0.30337250894225853,
        "Cosine Dist.": 0.004501686898593871
      },
      "occ_eval_res": {
        "precision": 76.0289,
        "recall": 98.4136,
        "f-score": 85.785
      }
    },
    "REF--Kraken-jspll-ELTeC": {
      "jaccard": [
        0.4553477621349023
      ],
      "braycurtis": [
        0.18571511436802723
      ],
      "dice": [
        0.2947898245136716
      ],
      "cosinus": [
        0.009509074097257209
      ],
      "voc_eval_res": {
        "precision": 53.3872,
        "recall": 83.2283,
        "f-score": 65.0487
      },
      "KL_res": {
        "KL divergence": 0.11023640973629246,
        "Euclidean Dist.": 0.018680165196432896,
        "WER": 0.4472333263202188,
        "CER": 0.343178334184977,
        "Cosine Dist.": 0.009175859785762741
      },
      "occ_eval_res": {
        "precision": 70.4768,
        "recall": 92.895,
        "f-score": 80.1478
      }
    },
    "REF--Kraken": {
      "jaccard": [
        0.604569161830603
      ],
      "braycurtis": [
        0.2056109978649612
      ],
      "dice": [
        0.43324910507475256
      ],
      "cosinus": [
        0.01273237058944987
      ],
      "voc_eval_res": {
        "precision": 40.421,
        "recall": 85.5536,
        "f-score": 54.9025
      },
      "KL_res": {
        "KL divergence": 0.1050369947423315,
        "Euclidean Dist.": 0.027073344734123463,
        "WER": 0.5006311803071745,
        "CER": 0.3456821665815023,
        "Cosine Dist.": 0.013769178931302473
      },
      "occ_eval_res": {
        "precision": 68.5837,
        "recall": 90.3997,
        "f-score": 77.9949
      }
    },
    "REF--Tesseract-PNG-jspll-pretrain": {
      "jaccard": [
        0.3824581005586592
      ],
      "braycurtis": [
        0.16054710075130033
      ],
      "dice": [
        0.23644401464391793
      ],
      "cosinus": [
        0.004391661582380579
      ],
      "voc_eval_res": {
        "precision": 63.0777,
        "recall": 89.4689,
        "f-score": 73.9904
      },
      "KL_res": {
        "KL divergence": 0.06235118732379973,
        "Euclidean Dist.": 0.014478889955943784,
        "WER": 0.3461603197980223,
        "CER": 0.30934318619551116,
        "Cosine Dist.": 0.0054540396591877816
      },
      "occ_eval_res": {
        "precision": 74.4311,
        "recall": 96.3455,
        "f-score": 83.9822
      }
    },
    "REF--Kraken-jspll-pretrain": {
      "jaccard": [
        0.48302469135802467
      ],
      "braycurtis": [
        0.1794564734514129
      ],
      "dice": [
        0.31841302136317395
      ],
      "cosinus": [
        0.00683581036792924
      ],
      "voc_eval_res": {
        "precision": 50.7026,
        "recall": 85.5236,
        "f-score": 63.6628
      },
      "KL_res": {
        "KL divergence": 0.08726634083488068,
        "Euclidean Dist.": 0.018206534270608404,
        "WER": 0.445928887018725,