{
  "voc_eval_res": {
    "precision": 40.6504,
    "recall": 5.1177,
    "f-score": 9.0909
  },
  "KL_res": {
    "KL divergence": 3.904138868042987,
    "Euclidean Dist.": 0.2453797429171861,
    "WER": 0.9171469740634006,
    "CER": 0.794323945181828,
    "Cosine Dist.": 0.5013487557293657
  },
  "occ_eval_res": {
    "precision": 45.6311,
    "recall": 10.1585,
    "f-score": 16.6176
  },
  "clean_eval": {
    "f-score": 6.008010680907877,
    "precision": 3.7688442211055273,
    "recall": 14.802631578947366,
    "tp": 45,
    "fp": 1149,
    "fn": 259
  },
  "jaccard": [
    0.4117647058823529
  ],
  "braycurtis": [
    0.5794777059366866
  ],
  "dice": [
    0.25925925925925924
  ],
  "cosinus": [
    0.03640427179565253
  ]
}