{
  "voc_eval_res": {
    "precision": 66.6667,
    "recall": 66.6667,
    "f-score": 66.6667
  },
  "KL_res": {
    "KL divergence": 2.08278765265545,
    "Euclidean Dist.": 0.4714045207910317,
    "WER": 0.3333333333333333,
    "CER": 0.2727272727272727,
    "Cosine Dist.": 0.20000000000000007
  },
  "occ_eval_res": {
    "precision": 66.6667,
    "recall": 66.6667,
    "f-score": 66.6667
  },
  "clean_eval": {
    "f-score": 56.653225806451616,
    "precision": 50.41866028708134,
    "recall": 64.64723926380368,
    "tp": 843,
    "fp": 829,
    "fn": 461
  }
}