{
  "voc_eval_res": {
    "precision": 32.1526,
    "recall": 25.9912,
    "f-score": 28.7454
  },
  "KL_res": {
    "KL divergence": 1.9468731812426698,
    "Euclidean Dist.": 0.08699816143527359,
    "WER": 0.8077455048409405,
    "CER": 0.6125258086717137,
    "Cosine Dist.": 0.21394630997303798
  },
  "occ_eval_res": {
    "precision": 45.8262,
    "recall": 37.2061,
    "f-score": 41.0687
  },
  "clean_eval": {
    "f-score": 21.570182394924664,
    "precision": 19.91215226939971,
    "recall": 23.52941176470588,
    "tp": 136,
    "fp": 547,
    "fn": 442
  },
  "jaccard": [
    0.40789473684210525
  ],
  "braycurtis": [
    0.10344827586206896
  ],
  "dice": [
    0.256198347107438
  ],
  "cosinus": [
    0.005799643594989412
  ]
}