{
  "txt": {
    "TesseractFra-PNG--PP": {
      "jaccard": [
        0.36893203883495146
      ],
      "braycurtis": [
        0.026796977779379696
      ],
      "dice": [
        0.2261904761904762
      ],
      "cosinus": [
        0.002260607384946156
      ],
      "voc_eval_res": {
        "precision": 92.8228,
        "recall": 72.1392,
        "f-score": 81.1843
      },
      "KL_res": {
        "KL divergence": 0.04567186481019201,
        "Euclidean Dist.": 0.009929673796427552,
        "WER": 0.09612028109168165,
        "CER": 0.03624552178538012,
        "Cosine Dist.": 0.0026570090470591223
      },
      "occ_eval_res": {
        "precision": 94.7736,
        "recall": 91.7385,
        "f-score": 93.2314
      }
    },
    "TesseractFra-PNG--Kraken-base": {
      "jaccard": [
        0.43434343434343436
      ],
      "braycurtis": [
        0.0557489137412231
      ],
      "dice": [
        0.27741935483870966
      ],
      "cosinus": [
        0.0059558411141173995
      ],
      "voc_eval_res": {
        "precision": 47.5062,
        "recall": 60.1072,
        "f-score": 53.069
      },
      "KL_res": {
        "KL divergence": 0.21542059586045,
        "Euclidean Dist.": 0.02655803368543619,
        "WER": 0.2794835757476712,
        "CER": 0.08427166827354672,
        "Cosine Dist.": 0.03238834975503213
      },
      "occ_eval_res": {
        "precision": 78.6453,
        "recall": 77.7944,
        "f-score": 78.2175
      }
    },
    "TesseractFra-PNG--kraken-jspll-pretrain": {
      "jaccard": [
        0.43434343434343436
      ],
      "braycurtis": [
        0.05215108072756047
      ],
      "dice": [
        0.27741935483870966
      ],
      "cosinus": [
        0.005471084984652763
      ],
      "voc_eval_res": {
        "precision": 56.8058,
        "recall": 55.7886,
        "f-score": 56.2926
      },
      "KL_res": {
        "KL divergence": 0.21927601422219314,
        "Euclidean Dist.": 0.026736997758332864,
        "WER": 0.2650825298251348,
        "CER": 0.08994852054375398,
        "Cosine Dist.": 0.031950824204058814
      },
      "occ_eval_res": {
        "precision": 80.9688,
        "recall": 80.0928,
        "f-score": 80.5284
      }
    },
    "TesseractFra-PNG--TesseractFra-PNG-jspll-ELTeC": {
      "jaccard": [
        0.0
      ],
      "braycurtis": [
        0.0018290148261050298
      ],
      "dice": [
        0.0
      ],
      "cosinus": [
        7.141884159511669e-06
      ],
      "voc_eval_res": {
        "precision": 96.8284,
        "recall": 95.1594,
        "f-score": 95.9867
      },
      "KL_res": {
        "KL divergence": 0.0075879071540956465,
        "Euclidean Dist.": 0.0035760259108892616,
        "WER": 0.03082856675927439,
        "CER": 0.00977884349699792,
        "Cosine Dist.": 0.0005597225864246713
      },
      "occ_eval_res": {
        "precision": 97.5922,
        "recall": 97.7696,
        "f-score": 97.6808
      }
    },
    "TesseractFra-PNG--kraken-jspll-ELTeC": {
      "jaccard": [
        0.32323232323232326
      ],
      "braycurtis": [
        0.054377525801025575
      ],
      "dice": [
        0.1927710843373494
      ],
      "cosinus": [
        0.005470017135686289
      ],
      "voc_eval_res": {
        "precision": 47.2445,
        "recall": 58.7762,
        "f-score": 52.3832
      },
      "KL_res": {
        "KL divergence": 0.2143656002724705,
        "Euclidean Dist.": 0.031429195493266636,
        "WER": 0.293721196273901,
        "CER": 0.09121149269077106,
        "Cosine Dist.": 0.04439920458895841
      },
      "occ_eval_res": {
        "precision": 78.5897,
        "recall": 77.6434,
        "f-score": 78.1137
      }
    },
    "TesseractFra-PNG--TesseractFra-PNG-jspll-pretrain": {
      "jaccard": [
        0.0
      ],
      "braycurtis": [
        0.001375834536218484
      ],
      "dice": [
        0.0
      ],
      "cosinus": [
        3.910822706232331e-06
      ],
      "voc_eval_res": {
        "precision": 91.0852,
        "recall": 85.1192,
        "f-score": 88.0012
      },
      "KL_res": {
        "KL divergence": 0.00834757330615436,
        "Euclidean Dist.": 0.0022267536354322725,
        "WER": 0.03318842948194149,
        "CER": 0.007299148887220738,
        "Cosine Dist.": 0.0001221391937553662
      },
      "occ_eval_res": {
        "precision": 96.7622,
        "recall": 96.7622,
        "f-score": 96.7622
      }
    },
    "PP--Kraken-base": {
      "jaccard": [
        0.4125
      ],
      "braycurtis": [
        0.06464124148430023
      ],
      "dice": [
        0.25984251968503935
      ],
      "cosinus": [
        0.011114350964483322
      ],
      "voc_eval_res": {
        "precision": 37.9588,
        "recall": 61.7977,
        "f-score": 47.0299
      },
      "KL_res": {
        "KL divergence": 0.21988606535467112,
        "Euclidean Dist.": 0.02816310681408806,
        "WER": 0.31073907993192684,
        "CER": 0.0979799347929143,
        "Cosine Dist.": 0.03222417305111225
      },
      "occ_eval_res": {
        "precision": 74.7429,
        "recall": 76.3804,
        "f-score": 75.5528
      }
    },
    "PP--kraken-jspll-pretrain": {
      "jaccard": [
        0.4125
      ],
      "braycurtis": [
        0.06120176433143483
      ],
      "dice": [
        0.25984251968503935
      ],
      "cosinus": [
        0.010559695226597499
      ],
      "voc_eval_res": {
        "precision": 48.3766,
        "recall": 61.1323,
        "f-score": 54.0115
      },
      "KL_res": {
        "KL divergence": 0.22196613319667927,
        "Euclidean Dist.": 0.027595876754860266,
        "WER": 0.28561684540371163,
        "CER": 0.10205779631009163,
        "Cosine Dist.": 0.031489218530922014
      },
      "occ_eval_res": {
        "precision": 78.1787,
        "recall": 79.8914,
        "f-score": 79.0258
      }
    },
    "PP--TesseractFra-PNG-jspll-ELTeC": {
      "jaccard": [
        0.36893203883495146
      ],
      "braycurtis": [
        0.026043574246725397
      ],
      "dice": [
        0.2261904761904762
      ],
      "cosinus": [
        0.0020928552882070184
      ],
      "voc_eval_res": {
        "precision": 72.7175,
        "recall": 91.9542,
        "f-score": 81.2123
      },
      "KL_res": {
        "KL divergence": 0.024809954373031386,
        "Euclidean Dist.": 0.010701071676164221,
        "WER": 0.11307706853237527,
        "CER": 0.04391198978357826,
        "Cosine Dist.": 0.0033733692104567226
      },
      "occ_eval_res": {
        "precision": 91.1414,
        "recall": 94.3279,
        "f-score": 92.7073
      }
    },
    "PP--kraken-jspll-ELTeC": {
      "jaccard": [
        0.275
      ],
      "braycurtis": [
        0.06325060417471752
      ],
      "dice": [
        0.15942028985507245
      ],
      "cosinus": [
        0.010394414717465827
      ],
      "voc_eval_res": {
        "precision": 38.7007,
        "recall": 61.9517,
        "f-score": 47.6407
      },
      "KL_res": {
        "KL divergence": 0.21819912205176728,
        "Euclidean Dist.": 0.03328104831110779,
        "WER": 0.31971420081579727,
        "CER": 0.10435552373673365,
        "Cosine Dist.": 0.04424792344406503
      },
      "occ_eval_res": {
        "precision": 75.1054,
        "recall": 76.6559,
        "f-score": 75.8727
      }
    },
    "PP--TesseractFra-PNG-jspll-pretrain": {
      "jaccard": [
        0.36893203883495146
      ],
      "braycurtis": [
        0.02644291459280098
      ],
      "dice": [
        0.2261904761904762
      ],
      "cosinus": [
        0.0022533219862703735
      ],
      "voc_eval_res": {
        "precision": 73.7114,
        "recall": 88.6336,
        "f-score": 80.4867
      },
      "KL_res": {
        "KL divergence": 0.02412785116384976,
        "Euclidean Dist.": 0.009180644361488391,
        "WER": 0.10373051676166294,
        "CER": 0.040349302942058574,
        "Cosine Dist.": 0.0026540043704014193
      },