{
  "voc_eval_res": {
    "precision": 73.38,
    "recall": 53.5121,
    "f-score": 61.8907
  },
  "KL_res": {
    "KL divergence": 0.5801303700528668,
    "Euclidean Dist.": 0.04890617208199627,
    "WER": 0.36839622641509434,
    "CER": 0.2566742944317315,
    "Cosine Dist.": 0.049004004009052915
  },
  "occ_eval_res": {
    "precision": 76.6877,
    "recall": 74.4811,
    "f-score": 75.5683
  },
  "clean_eval": {
    "f-score": 66.86117189399467,
    "precision": 66.32899179932465,
    "recall": 67.40196078431373,
    "tp": 1375,
    "fp": 698,
    "fn": 665
  },
  "jaccard": [
    0.2903225806451613
  ],
  "braycurtis": [
    0.015527610716238382
  ],
  "dice": [
    0.16981132075471697
  ],
  "cosinus": [
    0.0003905032291944277
  ]
}